id;comentario;estado;fecha
1;Gris multi-byte;Cliente Productor communities;2022-07-10T09:47:16
2;hacking 1080p strategize;Operaciones Verde;2022-07-09T20:25:15
3;Boliviano Datos synergize;synthesize;2022-07-10T14:16:47
4;invoice state;a;2022-07-10T14:20:16
5;Extremadura;transmitter;2022-07-10T09:55:09
6;navigating;optimize;2022-07-09T23:37:50
7;Metal Galicia;Genérico AI;2022-07-10T06:25:10
8;whiteboard program invoice;GB Usabilidad alto;2022-07-10T18:55:48
9;programming;Salud;2022-07-10T10:45:25
10;Reducido Rústico Gabón;Market;2022-07-10T18:55:07
