id;nombre;monto;descripcion;dimensiones;estado
1;Negro THX PCI;82255;visionary Guapa withdrawal;Account Exclusivo payment;Global terciaria Estratega
2;AI;85631;generating;Aplicaciones Videojuegos Bebes;Berkshire Arquitecto Market
3;Rial Ouguiya;44722;Naira Supervisor Violeta;reinvent capacitor empower;Ejecutivo
4;Pequeño AGP;32811;Genérico Ensalada Namibia;metrics;Datos withdrawal
5;Refinado Central navigate;16201;matrix Navarra;Salchichas;copy Consultor
6;bypassing Bedfordshire;99099;Uruguay Berkshire;generación Dollar 1080p;experiences deposit Edificio
7;Quinta Ghana;3124;Buckinghamshire;calculating Consultor Granito;open-source interface
8;Director;51065;copying Algodón Blanco;Bedfordshire;payment
9;feed;5799;Hogar Cantabria;Productor holística;Fácil Ingeniero
10;Guapa asimétrica;40357;superestructura cliente Sorprendente;flexibilidad;Acero
