id;nombre;cedula;primer_apellido;segundo_apellido;correo_electronico;genero;telefono;fecha_nacimiento;latitud_direccion;longitud_direccion;imagen_url;tipo_usuario_final;contrasennia;estado
1;middleware;B2C;Buckinghamshire;index Gris fidelidad;dinámica deposit;Funcionalidad parsing Verde;Dinar Estratega;2022-07-10T01:58:30;impactful Barrio Guapa;optical haptic;estable;neural;Seguro;Métricas
2;a;payment previsión open-source;schemas input Comunidad;Genérico Bedfordshire Rojo;Opcional best-of-breed;Bedfordshire Turquia;Checking Pelota Bloque;2022-07-10T05:57:18;dot-com brand;generate;transmit;calculate Especialista panel;Sopa Negro;mobile generating
3;Checking;Bacon Jamaica;Loan Raton;Digitalizado Arroyo override;Salud;Bicicleta;matrix New;2022-07-10T04:55:45;Profundo Pizza precios;Genérico;Ouguiya;Liberian Consultor;Distrito Amarillo;Personal Singapore override
4;Card;Consultor;Aplicaciones Account;protocol Factores Electrónica;mobile utilización Ladrillo;magnetic;Violeta;2022-07-10T16:42:59;Hormigon Coche Dollar;Comoro Directo;Granito Corporativo;Buckinghamshire;card Juguetería XML;Personal Borders
5;Datos TCP;Granito Ladrillo Andalucía;Pantalones Normas;Representante;Buckinghamshire Bedfordshire;Librería;Verde Investigación e-business;2022-07-10T05:06:38;24/365;Genérico eyeballs;optical;Salud contingencia invoice;US SDD Cara;Actualizable
6;navigate e-business real-time;extensible Ordenador Pelota;Senior;Pelota producto Azul;Toallas generación;Desarrollador Bedfordshire Acero;Relacciones back-end;2022-07-09T23:07:07;Asturias Madera Refinado;Italia Cambridgeshire Extrarradio;Jamaican;calculating Zapatos synthesizing;Méjico Madrid;Belize driver de
7;Isla;generate;terciaria Teclado Ladrillo;quantifying mobile withdrawal;driver;invoice Leu;primary negocio Baleares;2022-07-10T04:20:13;navigate;el Luxemburgo;transmitting Cine;Savings Plástico functionalities;Sorprendente whiteboard;Morado Ordenador
8;Analista Producto;Agente;desafío Senior;Humano expedite online;efficient Home;transmitting extend;Card;2022-07-10T06:10:21;Andalucía Teclado;Teclado Cantabria;Caserio generate generating;Distrito Travesía;XSS;invoice Tácticas
9;PNG convergence Clonado;up;Hormigon;explícita Metal;Acero;Heredado;Senior Distrito India;2022-07-10T18:21:35;homogénea;Moroccan seamless Electrónica;up Factores;FTP;vortals Sopa Sudán;Entrada Pescado
10;Mancha Buckinghamshire;Sorprendente bypass;Gorro Extremadura;navigating Cambridgeshire;Regional Pollo Ensalada;Krona Baleares;Decoración;2022-07-09T21:41:03;Regional;configurable systems;Gorro;Planificador Extremadura;withdrawal;quantifying
